{"assets/animation/no_internet.json":["assets/animation/no_internet.json"],"assets/fonts/mulish/Mulish-Bold.ttf":["assets/fonts/mulish/Mulish-Bold.ttf"],"assets/fonts/mulish/Mulish-Light.ttf":["assets/fonts/mulish/Mulish-Light.ttf"],"assets/fonts/mulish/Mulish-Medium.ttf":["assets/fonts/mulish/Mulish-Medium.ttf"],"assets/fonts/mulish/Mulish-Regular.ttf":["assets/fonts/mulish/Mulish-Regular.ttf"],"assets/fonts/mulish/Mulish-SemiBold.ttf":["assets/fonts/mulish/Mulish-SemiBold.ttf"],"assets/fonts/roboto/Roboto-Bold.ttf":["assets/fonts/roboto/Roboto-Bold.ttf"],"assets/fonts/roboto/Roboto-Light.ttf":["assets/fonts/roboto/Roboto-Light.ttf"],"assets/fonts/roboto/Roboto-Regular.ttf":["assets/fonts/roboto/Roboto-Regular.ttf"],"assets/icons/active_notification.svg":["assets/icons/active_notification.svg"],"assets/icons/advertisement.svg":["assets/icons/advertisement.svg"],"assets/icons/all.svg":["assets/icons/all.svg"],"assets/icons/dashboard/Buy.svg":["assets/icons/dashboard/Buy.svg"],"assets/icons/dashboard/Sell.svg":["assets/icons/dashboard/Sell.svg"],"assets/icons/dashboard/complete.svg":["assets/icons/dashboard/complete.svg"],"assets/icons/dashboard/running.svg":["assets/icons/dashboard/running.svg"],"assets/icons/dislike.svg":["assets/icons/dislike.svg"],"assets/icons/dislike_outlined.svg":["assets/icons/dislike_outlined.svg"],"assets/icons/file_.svg":["assets/icons/file_.svg"],"assets/icons/home.svg":["assets/icons/home.svg"],"assets/icons/home_menu_icon/buy_add.svg":["assets/icons/home_menu_icon/buy_add.svg"],"assets/icons/home_menu_icon/completed_trades.svg":["assets/icons/home_menu_icon/completed_trades.svg"],"assets/icons/home_menu_icon/running.svg":["assets/icons/home_menu_icon/running.svg"],"assets/icons/home_menu_icon/sell_add.svg":["assets/icons/home_menu_icon/sell_add.svg"],"assets/icons/inactive_notification.svg":["assets/icons/inactive_notification.svg"],"assets/icons/like.svg":["assets/icons/like.svg"],"assets/icons/like_outlined.svg":["assets/icons/like_outlined.svg"],"assets/icons/menu_icon/deposit.svg":["assets/icons/menu_icon/deposit.svg"],"assets/icons/menu_icon/kyc.svg":["assets/icons/menu_icon/kyc.svg"],"assets/icons/menu_icon/language.svg":["assets/icons/menu_icon/language.svg"],"assets/icons/menu_icon/lock.svg":["assets/icons/menu_icon/lock.svg"],"assets/icons/menu_icon/logout.svg":["assets/icons/menu_icon/logout.svg"],"assets/icons/menu_icon/market_icon.svg":["assets/icons/menu_icon/market_icon.svg"],"assets/icons/menu_icon/megaphone.svg":["assets/icons/menu_icon/megaphone.svg"],"assets/icons/menu_icon/menu.svg":["assets/icons/menu_icon/menu.svg"],"assets/icons/menu_icon/privacy-policy.svg":["assets/icons/menu_icon/privacy-policy.svg"],"assets/icons/menu_icon/refer.svg":["assets/icons/menu_icon/refer.svg"],"assets/icons/menu_icon/search.svg":["assets/icons/menu_icon/search.svg"],"assets/icons/menu_icon/security.svg":["assets/icons/menu_icon/security.svg"],"assets/icons/menu_icon/trade_icon.svg":["assets/icons/menu_icon/trade_icon.svg"],"assets/icons/menu_icon/transfer (1).svg":["assets/icons/menu_icon/transfer (1).svg"],"assets/icons/menu_icon/user.svg":["assets/icons/menu_icon/user.svg"],"assets/icons/menu_icon/wallet_icon.svg":["assets/icons/menu_icon/wallet_icon.svg"],"assets/icons/menu_icon/withdraw.svg":["assets/icons/menu_icon/withdraw.svg"],"assets/icons/menu_notification_icon.svg":["assets/icons/menu_notification_icon.svg"],"assets/icons/notification_icon/cancel.svg":["assets/icons/notification_icon/cancel.svg"],"assets/icons/notification_icon/chat.svg":["assets/icons/notification_icon/chat.svg"],"assets/icons/notification_icon/minus.svg":["assets/icons/notification_icon/minus.svg"],"assets/icons/notification_icon/notification_outlined.svg":["assets/icons/notification_icon/notification_outlined.svg"],"assets/icons/notification_icon/plus.svg":["assets/icons/notification_icon/plus.svg"],"assets/icons/notification_icon/running.svg":["assets/icons/notification_icon/running.svg"],"assets/icons/notification_icon/warning.svg":["assets/icons/notification_icon/warning.svg"],"assets/icons/pdf_icon.svg":["assets/icons/pdf_icon.svg"],"assets/icons/pen.svg":["assets/icons/pen.svg"],"assets/icons/pending.svg":["assets/icons/pending.svg"],"assets/icons/question-mark.svg":["assets/icons/question-mark.svg"],"assets/icons/rating.svg":["assets/icons/rating.svg"],"assets/icons/send.svg":["assets/icons/send.svg"],"assets/icons/verified.svg":["assets/icons/verified.svg"],"assets/icons/visible1.svg":["assets/icons/visible1.svg"],"assets/icons/visible2.svg":["assets/icons/visible2.svg"],"assets/images/Error.svg":["assets/images/Error.svg"],"assets/images/app_logo.png":["assets/images/app_logo.png"],"assets/images/email_logo.png":["assets/images/email_logo.png"],"assets/images/img.png":["assets/images/img.png"],"assets/images/no_data.svg":["assets/images/no_data.svg"],"assets/images/no_internet_image.PNG":["assets/images/no_internet_image.PNG"],"assets/images/place_holder.png":["assets/images/place_holder.png"],"assets/images/profile.png":["assets/images/profile.png"],"assets/images/upload_image.png":["assets/images/upload_image.png"],"packages/awesome_dialog/assets/flare/error.flr":["packages/awesome_dialog/assets/flare/error.flr"],"packages/awesome_dialog/assets/flare/info.flr":["packages/awesome_dialog/assets/flare/info.flr"],"packages/awesome_dialog/assets/flare/info2.flr":["packages/awesome_dialog/assets/flare/info2.flr"],"packages/awesome_dialog/assets/flare/info_without_loop.flr":["packages/awesome_dialog/assets/flare/info_without_loop.flr"],"packages/awesome_dialog/assets/flare/question.flr":["packages/awesome_dialog/assets/flare/question.flr"],"packages/awesome_dialog/assets/flare/succes.flr":["packages/awesome_dialog/assets/flare/succes.flr"],"packages/awesome_dialog/assets/flare/succes_without_loop.flr":["packages/awesome_dialog/assets/flare/succes_without_loop.flr"],"packages/awesome_dialog/assets/flare/warning.flr":["packages/awesome_dialog/assets/flare/warning.flr"],"packages/awesome_dialog/assets/flare/warning_without_loop.flr":["packages/awesome_dialog/assets/flare/warning_without_loop.flr"],"packages/awesome_dialog/assets/rive/error.riv":["packages/awesome_dialog/assets/rive/error.riv"],"packages/awesome_dialog/assets/rive/info.riv":["packages/awesome_dialog/assets/rive/info.riv"],"packages/awesome_dialog/assets/rive/info_reverse.riv":["packages/awesome_dialog/assets/rive/info_reverse.riv"],"packages/awesome_dialog/assets/rive/question.riv":["packages/awesome_dialog/assets/rive/question.riv"],"packages/awesome_dialog/assets/rive/success.riv":["packages/awesome_dialog/assets/rive/success.riv"],"packages/awesome_dialog/assets/rive/warning.riv":["packages/awesome_dialog/assets/rive/warning.riv"],"packages/cupertino_icons/assets/CupertinoIcons.ttf":["packages/cupertino_icons/assets/CupertinoIcons.ttf"],"packages/font_awesome_flutter/lib/fonts/fa-brands-400.ttf":["packages/font_awesome_flutter/lib/fonts/fa-brands-400.ttf"],"packages/font_awesome_flutter/lib/fonts/fa-regular-400.ttf":["packages/font_awesome_flutter/lib/fonts/fa-regular-400.ttf"],"packages/font_awesome_flutter/lib/fonts/fa-solid-900.ttf":["packages/font_awesome_flutter/lib/fonts/fa-solid-900.ttf"],"packages/wakelock_web/assets/no_sleep.js":["packages/wakelock_web/assets/no_sleep.js"]}