[{"family":"MaterialIcons","fonts":[{"asset":"fonts/MaterialIcons-Regular.otf"}]},{"family":"Roboto","fonts":[{"weight":500,"asset":"assets/fonts/roboto/Roboto-Regular.ttf"},{"weight":600,"asset":"assets/fonts/roboto/Roboto-Bold.ttf"},{"weight":300,"asset":"assets/fonts/roboto/Roboto-Light.ttf"}]},{"family":"Schyler","fonts":[{"weight":300,"asset":"assets/fonts/mulish/Mulish-Light.ttf"},{"weight":400,"asset":"assets/fonts/mulish/Mulish-Regular.ttf"},{"weight":500,"asset":"assets/fonts/mulish/Mulish-Medium.ttf"},{"weight":600,"asset":"assets/fonts/mulish/Mulish-SemiBold.ttf"},{"weight":700,"asset":"assets/fonts/mulish/Mulish-Bold.ttf"}]},{"family":"packages/cupertino_icons/CupertinoIcons","fonts":[{"asset":"packages/cupertino_icons/assets/CupertinoIcons.ttf"}]},{"family":"packages/font_awesome_flutter/FontAwesomeBrands","fonts":[{"weight":400,"asset":"packages/font_awesome_flutter/lib/fonts/fa-brands-400.ttf"}]},{"family":"packages/font_awesome_flutter/FontAwesomeRegular","fonts":[{"weight":400,"asset":"packages/font_awesome_flutter/lib/fonts/fa-regular-400.ttf"}]},{"family":"packages/font_awesome_flutter/FontAwesomeSolid","fonts":[{"weight":900,"asset":"packages/font_awesome_flutter/lib/fonts/fa-solid-900.ttf"}]}]